usage_date,mes_referencia,workspace_name,workspace_id,sku_name,produto,usuario,endpoint_name,cluster_id,total_dbus,preco_unitario_usd,custo_usd,NOME_BUDGET,quota_ws_usd,limite_per_user_usd,tipo_limite_per_user,custo_usd_total_workspace,custo_usd_total_usuario,pct_quota_ws,pct_limite_per_user,status_quota_ws,status_per_user
2026-09-01,2026-09,ws-borda-verde,ws-9001,sql-compute,SQL,carlos.mendes@empresa.com,,,800.0000,0.50,400.0000,Budget-Borda-Verde,5000,2000,mensal,3000.0000,1200.0000,60.0,60.0,Dentro da Quota (workspace),Dentro da Quota (usuário)
2026-09-02,2026-09,ws-borda-verde,ws-9001,sql-compute,SQL,carlos.mendes@empresa.com,,,800.0000,0.50,400.0000,Budget-Borda-Verde,5000,2000,mensal,3000.0000,1200.0000,60.0,60.0,Dentro da Quota (workspace),Dentro da Quota (usuário)
2026-09-03,2026-09,ws-borda-verde,ws-9001,sql-compute,SQL,carlos.mendes@empresa.com,,,800.0000,0.50,400.0000,Budget-Borda-Verde,5000,2000,mensal,3000.0000,1200.0000,60.0,60.0,Dentro da Quota (workspace),Dentro da Quota (usuário)
2026-09-01,2026-09,ws-borda-verde,ws-9001,sql-compute,SQL,paula.dias@empresa.com,,,1200.0000,0.50,600.0000,Budget-Borda-Verde,5000,2000,mensal,3000.0000,1800.0000,60.0,90.0,Dentro da Quota (workspace),Dentro da Quota (usuário)
2026-09-02,2026-09,ws-borda-verde,ws-9001,sql-compute,SQL,paula.dias@empresa.com,,,1200.0000,0.50,600.0000,Budget-Borda-Verde,5000,2000,mensal,3000.0000,1800.0000,60.0,90.0,Dentro da Quota (workspace),Dentro da Quota (usuário)
2026-09-03,2026-09,ws-borda-verde,ws-9001,sql-compute,SQL,paula.dias@empresa.com,,,1200.0000,0.50,600.0000,Budget-Borda-Verde,5000,2000,mensal,3000.0000,1800.0000,60.0,90.0,Dentro da Quota (workspace),Dentro da Quota (usuário)
2026-09-01,2026-09,ws-borda-amarelo-ini,ws-9002,jobs-compute,JOBS,carlos.mendes@empresa.com,,,933.3334,0.50,466.6667,Budget-Borda-AmareloIni,4000,2000,mensal,2800.0002,1400.0001,70.0,70.0,Dentro da Quota (workspace),Dentro da Quota (usuário)
2026-09-02,2026-09,ws-borda-amarelo-ini,ws-9002,jobs-compute,JOBS,carlos.mendes@empresa.com,,,933.3334,0.50,466.6667,Budget-Borda-AmareloIni,4000,2000,mensal,2800.0002,1400.0001,70.0,70.0,Dentro da Quota (workspace),Dentro da Quota (usuário)
2026-09-03,2026-09,ws-borda-amarelo-ini,ws-9002,jobs-compute,JOBS,carlos.mendes@empresa.com,,,933.3334,0.50,466.6667,Budget-Borda-AmareloIni,4000,2000,mensal,2800.0002,1400.0001,70.0,70.0,Dentro da Quota (workspace),Dentro da Quota (usuário)
2026-09-01,2026-09,ws-borda-amarelo-ini,ws-9002,jobs-compute,JOBS,paula.dias@empresa.com,,,933.3334,0.50,466.6667,Budget-Borda-AmareloIni,4000,2000,mensal,2800.0002,1400.0001,70.0,70.0,Dentro da Quota (workspace),Dentro da Quota (usuário)
2026-09-02,2026-09,ws-borda-amarelo-ini,ws-9002,jobs-compute,JOBS,paula.dias@empresa.com,,,933.3334,0.50,466.6667,Budget-Borda-AmareloIni,4000,2000,mensal,2800.0002,1400.0001,70.0,70.0,Dentro da Quota (workspace),Dentro da Quota (usuário)
2026-09-03,2026-09,ws-borda-amarelo-ini,ws-9002,jobs-compute,JOBS,paula.dias@empresa.com,,,933.3334,0.50,466.6667,Budget-Borda-AmareloIni,4000,2000,mensal,2800.0002,1400.0001,70.0,70.0,Dentro da Quota (workspace),Dentro da Quota (usuário)
2026-09-01,2026-09,ws-borda-amarelo,ws-9003,dlt-compute,DLT,carlos.mendes@empresa.com,,,1093.3334,0.50,546.6667,Budget-Borda-Amarelo,4000,2000,mensal,3280.0002,1640.0001,82.0,82.0,Dentro da Quota (workspace),Dentro da Quota (usuário)
2026-09-02,2026-09,ws-borda-amarelo,ws-9003,dlt-compute,DLT,carlos.mendes@empresa.com,,,1093.3334,0.50,546.6667,Budget-Borda-Amarelo,4000,2000,mensal,3280.0002,1640.0001,82.0,82.0,Dentro da Quota (workspace),Dentro da Quota (usuário)
2026-09-03,2026-09,ws-borda-amarelo,ws-9003,dlt-compute,DLT,carlos.mendes@empresa.com,,,1093.3334,0.50,546.6667,Budget-Borda-Amarelo,4000,2000,mensal,3280.0002,1640.0001,82.0,82.0,Dentro da Quota (workspace),Dentro da Quota (usuário)
2026-09-01,2026-09,ws-borda-amarelo,ws-9003,dlt-compute,DLT,paula.dias@empresa.com,,,1093.3334,0.50,546.6667,Budget-Borda-Amarelo,4000,2000,mensal,3280.0002,1640.0001,82.0,82.0,Dentro da Quota (workspace),Dentro da Quota (usuário)
2026-09-02,2026-09,ws-borda-amarelo,ws-9003,dlt-compute,DLT,paula.dias@empresa.com,,,1093.3334,0.50,546.6667,Budget-Borda-Amarelo,4000,2000,mensal,3280.0002,1640.0001,82.0,82.0,Dentro da Quota (workspace),Dentro da Quota (usuário)
2026-09-03,2026-09,ws-borda-amarelo,ws-9003,dlt-compute,DLT,paula.dias@empresa.com,,,1093.3334,0.50,546.6667,Budget-Borda-Amarelo,4000,2000,mensal,3280.0002,1640.0001,82.0,82.0,Dentro da Quota (workspace),Dentro da Quota (usuário)
2026-09-01,2026-09,ws-borda-vermelho-ini,ws-9004,ml-compute,ML,carlos.mendes@empresa.com,,,1200.0000,0.50,600.0000,Budget-Borda-VermIni,4000,2000,mensal,3600.0000,1800.0000,90.0,90.0,Dentro da Quota (workspace),Dentro da Quota (usuário)
2026-09-02,2026-09,ws-borda-vermelho-ini,ws-9004,ml-compute,ML,carlos.mendes@empresa.com,,,1200.0000,0.50,600.0000,Budget-Borda-VermIni,4000,2000,mensal,3600.0000,1800.0000,90.0,90.0,Dentro da Quota (workspace),Dentro da Quota (usuário)
2026-09-03,2026-09,ws-borda-vermelho-ini,ws-9004,ml-compute,ML,carlos.mendes@empresa.com,,,1200.0000,0.50,600.0000,Budget-Borda-VermIni,4000,2000,mensal,3600.0000,1800.0000,90.0,90.0,Dentro da Quota (workspace),Dentro da Quota (usuário)
2026-09-01,2026-09,ws-borda-vermelho-ini,ws-9004,ml-compute,ML,paula.dias@empresa.com,,,1200.0000,0.50,600.0000,Budget-Borda-VermIni,4000,2000,mensal,3600.0000,1800.0000,90.0,90.0,Dentro da Quota (workspace),Dentro da Quota (usuário)
2026-09-02,2026-09,ws-borda-vermelho-ini,ws-9004,ml-compute,ML,paula.dias@empresa.com,,,1200.0000,0.50,600.0000,Budget-Borda-VermIni,4000,2000,mensal,3600.0000,1800.0000,90.0,90.0,Dentro da Quota (workspace),Dentro da Quota (usuário)
2026-09-03,2026-09,ws-borda-vermelho-ini,ws-9004,ml-compute,ML,paula.dias@empresa.com,,,1200.0000,0.50,600.0000,Budget-Borda-VermIni,4000,2000,mensal,3600.0000,1800.0000,90.0,90.0,Dentro da Quota (workspace),Dentro da Quota (usuário)
2026-09-01,2026-09,ws-borda-vermelho,ws-9005,sql-compute,SQL,carlos.mendes@empresa.com,,,1240.0000,0.50,620.0000,Budget-Borda-Vermelho,4000,2000,mensal,3720.0000,1860.0000,93.0,93.0,Dentro da Quota (workspace),Dentro da Quota (usuário)
2026-09-02,2026-09,ws-borda-vermelho,ws-9005,sql-compute,SQL,carlos.mendes@empresa.com,,,1240.0000,0.50,620.0000,Budget-Borda-Vermelho,4000,2000,mensal,3720.0000,1860.0000,93.0,93.0,Dentro da Quota (workspace),Dentro da Quota (usuário)
2026-09-03,2026-09,ws-borda-vermelho,ws-9005,sql-compute,SQL,carlos.mendes@empresa.com,,,1240.0000,0.50,620.0000,Budget-Borda-Vermelho,4000,2000,mensal,3720.0000,1860.0000,93.0,93.0,Dentro da Quota (workspace),Dentro da Quota (usuário)
2026-09-01,2026-09,ws-borda-vermelho,ws-9005,sql-compute,SQL,paula.dias@empresa.com,,,1240.0000,0.50,620.0000,Budget-Borda-Vermelho,4000,2000,mensal,3720.0000,1860.0000,93.0,93.0,Dentro da Quota (workspace),Dentro da Quota (usuário)
2026-09-02,2026-09,ws-borda-vermelho,ws-9005,sql-compute,SQL,paula.dias@empresa.com,,,1240.0000,0.50,620.0000,Budget-Borda-Vermelho,4000,2000,mensal,3720.0000,1860.0000,93.0,93.0,Dentro da Quota (workspace),Dentro da Quota (usuário)
2026-09-03,2026-09,ws-borda-vermelho,ws-9005,sql-compute,SQL,paula.dias@empresa.com,,,1240.0000,0.50,620.0000,Budget-Borda-Vermelho,4000,2000,mensal,3720.0000,1860.0000,93.0,93.0,Dentro da Quota (workspace),Dentro da Quota (usuário)
2026-09-01,2026-09,ws-borda-bloq-limite,ws-9006,genie-compute,GENIE,carlos.mendes@empresa.com,,,1266.6666,0.50,633.3333,Budget-Borda-BloqLim,4000,2000,mensal,3799.9998,1899.9999,95.0,95.0,Dentro da Quota (workspace),Dentro da Quota (usuário)
2026-09-02,2026-09,ws-borda-bloq-limite,ws-9006,genie-compute,GENIE,carlos.mendes@empresa.com,,,1266.6666,0.50,633.3333,Budget-Borda-BloqLim,4000,2000,mensal,3799.9998,1899.9999,95.0,95.0,Dentro da Quota (workspace),Dentro da Quota (usuário)
2026-09-03,2026-09,ws-borda-bloq-limite,ws-9006,genie-compute,GENIE,carlos.mendes@empresa.com,,,1266.6666,0.50,633.3333,Budget-Borda-BloqLim,4000,2000,mensal,3799.9998,1899.9999,95.0,95.0,Dentro da Quota (workspace),Dentro da Quota (usuário)
2026-09-01,2026-09,ws-borda-bloq-limite,ws-9006,genie-compute,GENIE,paula.dias@empresa.com,,,1266.6666,0.50,633.3333,Budget-Borda-BloqLim,4000,2000,mensal,3799.9998,1899.9999,95.0,95.0,Dentro da Quota (workspace),Dentro da Quota (usuário)
2026-09-02,2026-09,ws-borda-bloq-limite,ws-9006,genie-compute,GENIE,paula.dias@empresa.com,,,1266.6666,0.50,633.3333,Budget-Borda-BloqLim,4000,2000,mensal,3799.9998,1899.9999,95.0,95.0,Dentro da Quota (workspace),Dentro da Quota (usuário)
2026-09-03,2026-09,ws-borda-bloq-limite,ws-9006,genie-compute,GENIE,paula.dias@empresa.com,,,1266.6666,0.50,633.3333,Budget-Borda-BloqLim,4000,2000,mensal,3799.9998,1899.9999,95.0,95.0,Dentro da Quota (workspace),Dentro da Quota (usuário)
2026-09-01,2026-09,ws-borda-bloqueado,ws-9007,ml-compute,ML,carlos.mendes@empresa.com,,,653.3334,0.50,326.6667,Budget-Borda-Bloqueado,2000,1000,mensal,1960.0002,980.0001,98.0,98.0,Bloqueado (workspace),Bloqueado (usuário)
2026-09-02,2026-09,ws-borda-bloqueado,ws-9007,ml-compute,ML,carlos.mendes@empresa.com,,,653.3334,0.50,326.6667,Budget-Borda-Bloqueado,2000,1000,mensal,1960.0002,980.0001,98.0,98.0,Bloqueado (workspace),Bloqueado (usuário)
2026-09-03,2026-09,ws-borda-bloqueado,ws-9007,ml-compute,ML,carlos.mendes@empresa.com,,,653.3334,0.50,326.6667,Budget-Borda-Bloqueado,2000,1000,mensal,1960.0002,980.0001,98.0,98.0,Bloqueado (workspace),Bloqueado (usuário)
2026-09-01,2026-09,ws-borda-bloqueado,ws-9007,ml-compute,ML,paula.dias@empresa.com,,,653.3334,0.50,326.6667,Budget-Borda-Bloqueado,2000,1000,mensal,1960.0002,980.0001,98.0,98.0,Bloqueado (workspace),Bloqueado (usuário)
2026-09-02,2026-09,ws-borda-bloqueado,ws-9007,ml-compute,ML,paula.dias@empresa.com,,,653.3334,0.50,326.6667,Budget-Borda-Bloqueado,2000,1000,mensal,1960.0002,980.0001,98.0,98.0,Bloqueado (workspace),Bloqueado (usuário)
2026-09-03,2026-09,ws-borda-bloqueado,ws-9007,ml-compute,ML,paula.dias@empresa.com,,,653.3334,0.50,326.6667,Budget-Borda-Bloqueado,2000,1000,mensal,1960.0002,980.0001,98.0,98.0,Bloqueado (workspace),Bloqueado (usuário)
2026-09-01,2026-09,ws-borda-estourado,ws-9008,jobs-compute,JOBS,carlos.mendes@empresa.com,,,972.0000,0.50,486.0000,Budget-Borda-Estourado,1200,600,mensal,2916.0000,1458.0000,243.0,243.0,Bloqueado (workspace),Bloqueado (usuário)
2026-09-02,2026-09,ws-borda-estourado,ws-9008,jobs-compute,JOBS,carlos.mendes@empresa.com,,,972.0000,0.50,486.0000,Budget-Borda-Estourado,1200,600,mensal,2916.0000,1458.0000,243.0,243.0,Bloqueado (workspace),Bloqueado (usuário)
2026-09-03,2026-09,ws-borda-estourado,ws-9008,jobs-compute,JOBS,carlos.mendes@empresa.com,,,972.0000,0.50,486.0000,Budget-Borda-Estourado,1200,600,mensal,2916.0000,1458.0000,243.0,243.0,Bloqueado (workspace),Bloqueado (usuário)
2026-09-01,2026-09,ws-borda-estourado,ws-9008,jobs-compute,JOBS,paula.dias@empresa.com,,,972.0000,0.50,486.0000,Budget-Borda-Estourado,1200,600,mensal,2916.0000,1458.0000,243.0,243.0,Bloqueado (workspace),Bloqueado (usuário)
2026-09-02,2026-09,ws-borda-estourado,ws-9008,jobs-compute,JOBS,paula.dias@empresa.com,,,972.0000,0.50,486.0000,Budget-Borda-Estourado,1200,600,mensal,2916.0000,1458.0000,243.0,243.0,Bloqueado (workspace),Bloqueado (usuário)
2026-09-03,2026-09,ws-borda-estourado,ws-9008,jobs-compute,JOBS,paula.dias@empresa.com,,,972.0000,0.50,486.0000,Budget-Borda-Estourado,1200,600,mensal,2916.0000,1458.0000,243.0,243.0,Bloqueado (workspace),Bloqueado (usuário)
2026-09-01,2026-09,ws-borda-user-estoura,ws-9009,dlt-compute,DLT,carlos.mendes@empresa.com,,,360.0000,0.50,180.0000,Budget-Borda-UserEst,9000,300,mensal,1080.0000,540.0000,12.0,180.0,Dentro da Quota (workspace),Bloqueado (usuário)
2026-09-02,2026-09,ws-borda-user-estoura,ws-9009,dlt-compute,DLT,carlos.mendes@empresa.com,,,360.0000,0.50,180.0000,Budget-Borda-UserEst,9000,300,mensal,1080.0000,540.0000,12.0,180.0,Dentro da Quota (workspace),Bloqueado (usuário)
2026-09-03,2026-09,ws-borda-user-estoura,ws-9009,dlt-compute,DLT,carlos.mendes@empresa.com,,,360.0000,0.50,180.0000,Budget-Borda-UserEst,9000,300,mensal,1080.0000,540.0000,12.0,180.0,Dentro da Quota (workspace),Bloqueado (usuário)
2026-09-01,2026-09,ws-borda-user-estoura,ws-9009,dlt-compute,DLT,paula.dias@empresa.com,,,360.0000,0.50,180.0000,Budget-Borda-UserEst,9000,300,mensal,1080.0000,540.0000,12.0,180.0,Dentro da Quota (workspace),Bloqueado (usuário)
2026-09-02,2026-09,ws-borda-user-estoura,ws-9009,dlt-compute,DLT,paula.dias@empresa.com,,,360.0000,0.50,180.0000,Budget-Borda-UserEst,9000,300,mensal,1080.0000,540.0000,12.0,180.0,Dentro da Quota (workspace),Bloqueado (usuário)
2026-09-03,2026-09,ws-borda-user-estoura,ws-9009,dlt-compute,DLT,paula.dias@empresa.com,,,360.0000,0.50,180.0000,Budget-Borda-UserEst,9000,300,mensal,1080.0000,540.0000,12.0,180.0,Dentro da Quota (workspace),Bloqueado (usuário)
2026-09-01,2026-09,ws-borda-sem-quota,ws-9010,jobs-compute,JOBS,carlos.mendes@empresa.com,,,80.0000,0.50,40.0000,,,,mensal,180.0000,120.0000,,,Sem quota definida,Sem limite per-user
2026-09-02,2026-09,ws-borda-sem-quota,ws-9010,jobs-compute,JOBS,carlos.mendes@empresa.com,,,80.0000,0.50,40.0000,,,,mensal,180.0000,120.0000,,,Sem quota definida,Sem limite per-user
2026-09-03,2026-09,ws-borda-sem-quota,ws-9010,jobs-compute,JOBS,carlos.mendes@empresa.com,,,80.0000,0.50,40.0000,,,,mensal,180.0000,120.0000,,,Sem quota definida,Sem limite per-user
2026-09-01,2026-09,ws-borda-sem-quota,ws-9010,jobs-compute,JOBS,paula.dias@empresa.com,,,40.0000,0.50,20.0000,,,,mensal,180.0000,60.0000,,,Sem quota definida,Sem limite per-user
2026-09-02,2026-09,ws-borda-sem-quota,ws-9010,jobs-compute,JOBS,paula.dias@empresa.com,,,40.0000,0.50,20.0000,,,,mensal,180.0000,60.0000,,,Sem quota definida,Sem limite per-user
2026-09-03,2026-09,ws-borda-sem-quota,ws-9010,jobs-compute,JOBS,paula.dias@empresa.com,,,40.0000,0.50,20.0000,,,,mensal,180.0000,60.0000,,,Sem quota definida,Sem limite per-user
